id,id_str,name,screen_name,location,profile_location,description,url,entities,protected,followers_count,friends_count,listed_count,created_at,favourites_count,utc_offset,time_zone,geo_enabled,verified,statuses_count,lang,status,contributors_enabled,is_translator,is_translation_enabled,profile_background_color,profile_background_image_url,profile_background_image_url_https,profile_background_tile,profile_image_url,profile_image_url_https,profile_banner_url,profile_link_color,profile_sidebar_border_color,profile_sidebar_fill_color,profile_text_color,profile_use_background_image,has_extended_profile,default_profile,default_profile_image,following,follow_request_sent,notifications,translator_type,withheld_in_countries
72255473,72255473,Rƒ´gas pa≈°valdƒ´bas policija,RigasPP,,,"Ja Jums ir nepiecie≈°ama steidzama policijas palƒ´dzƒ´ba, tad zi≈Üojiet 110 vai RPP lietotnƒì!
InformƒÅcija par datu aizsardzƒ´bu: https://t.co/3dL2CROyJk",https://t.co/X4moUsCRTH,"{'url': {'urls': [{'url': 'https://t.co/X4moUsCRTH', 'expanded_url': 'http://rpp.riga.lv/', 'display_url': 'rpp.riga.lv', 'indices': [0, 23]}]}, 'description': {'urls': [{'url': 'https://t.co/3dL2CROyJk', 'expanded_url': 'https://rpp.riga.lv/gdpr/', 'display_url': 'rpp.riga.lv/gdpr/', 'indices': [124, 147]}]}}",False,14384,3179,115,Mon Sep 07 10:35:28 +0000 2009,466,,,True,False,8518,,"{'created_at': 'Thu Jun 01 09:32:19 +0000 2023', 'id': 1664203208724455424, 'id_str': '1664203208724455424', 'text': 'Dro≈°a vasara pilsƒìtas ielƒÅs un peldvietƒÅs!\nüë®\u200düë©\u200düëß\u200düë¶SƒÅkoties skolƒìnu vasaras brƒ´vlaikam, Rƒ´gas pa≈°valdƒ´bas policija a‚Ä¶ https://t.co/DONJmCxpQy', 'truncated': True, 'entities': {'hashtags': [], 'symbols': [], 'user_mentions': [], 'urls': [{'url': 'https://t.co/DONJmCxpQy', 'expanded_url': 'https://twitter.com/i/web/status/1664203208724455424', 'display_url': 'twitter.com/i/web/status/1‚Ä¶', 'indices': [117, 140]}]}, 'source': '<a href=""https://mobile.twitter.com"" rel=""nofollow"">Twitter Web App</a>', 'in_reply_to_status_id': None, 'in_reply_to_status_id_str': None, 'in_reply_to_user_id': None, 'in_reply_to_user_id_str': None, 'in_reply_to_screen_name': None, 'geo': None, 'coordinates': None, 'place': None, 'contributors': None, 'is_quote_status': False, 'retweet_count': 2, 'favorite_count': 1, 'favorited': False, 'retweeted': False, 'possibly_sensitive': False, 'lang': 'lv'}",False,False,False,C0DEED,http://abs.twimg.com/images/themes/theme1/bg.png,https://abs.twimg.com/images/themes/theme1/bg.png,False,http://pbs.twimg.com/profile_images/1588500503167631365/Q2mCmRqN_normal.jpg,https://pbs.twimg.com/profile_images/1588500503167631365/Q2mCmRqN_normal.jpg,https://pbs.twimg.com/profile_banners/72255473/1667565884,1DA1F2,C0DEED,DDEEF6,333333,True,False,True,False,False,False,False,none,[]
164713706,164713706,Pr√©fecture de Police,prefpolice,"France, Paris",,"Compte officiel de la pr√©fecture de Police : 75 - 92 - 93 - 94
‚òéÔ∏è Une urgence ? Composez le 17 ou le 112.",https://t.co/0cPW3MVElO,"{'url': {'urls': [{'url': 'https://t.co/0cPW3MVElO', 'expanded_url': 'http://prefecturedepolice.paris', 'display_url': 'prefecturedepolice.paris', 'indices': [0, 23]}]}, 'description': {'urls': []}}",False,543633,342,2051,Fri Jul 09 15:24:05 +0000 2010,371,,,False,False,15604,,"{'created_at': 'Thu Jun 01 10:19:26 +0000 2023', 'id': 1664215069360619521, 'id_str': '1664215069360619521', 'text': ""La lutte #AntiStups est quotidienne et hier n'y a pas fait exception dans le 94 !\n\n#Villejuif üëâ surveillance üëâ 2 in‚Ä¶ https://t.co/yK9oy8MyA6"", 'truncated': True, 'entities': {'hashtags': [{'text': 'AntiStups', 'indices': [9, 19]}, {'text': 'Villejuif', 'indices': [83, 93]}], 'symbols': [], 'user_mentions': [], 'urls': [{'url': 'https://t.co/yK9oy8MyA6', 'expanded_url': 'https://twitter.com/i/web/status/1664215069360619521', 'display_url': 'twitter.com/i/web/status/1‚Ä¶', 'indices': [117, 140]}]}, 'source': '<a href=""https://mobile.twitter.com"" rel=""nofollow"">Twitter Web App</a>', 'in_reply_to_status_id': None, 'in_reply_to_status_id_str': None, 'in_reply_to_user_id': None, 'in_reply_to_user_id_str': None, 'in_reply_to_screen_name': None, 'geo': None, 'coordinates': None, 'place': None, 'contributors': None, 'is_quote_status': False, 'retweet_count': 4, 'favorite_count': 12, 'favorited': False, 'retweeted': False, 'possibly_sensitive': False, 'lang': 'fr'}",False,False,False,DAC2B3,http://abs.twimg.com/images/themes/theme1/bg.png,https://abs.twimg.com/images/themes/theme1/bg.png,False,http://pbs.twimg.com/profile_images/1663485557639397376/_4CDeKuA_normal.jpg,https://pbs.twimg.com/profile_images/1663485557639397376/_4CDeKuA_normal.jpg,https://pbs.twimg.com/profile_banners/164713706/1678792939,1885B8,000000,DDEEF6,333333,True,True,False,False,False,False,False,none,[]
2398002414,2398002414,Polizei Berlin Einsatz,PolizeiBerlin_E,"Berlin, Deutschland",,Hier twittert die Polizei Berlin nur zu bestimmten Anl√§ssen. - Keine Notrufe - Keine Anzeigen -Kein 24/7 Monitoring - In Notf√§llen 110 w√§hlen. Impressum:,https://t.co/481JK6GNPO,"{'url': {'urls': [{'url': 'https://t.co/481JK6GNPO', 'expanded_url': 'http://www.berlin.de/polizei/allgemeine-seiten/artikel.40141.php', 'display_url': 'berlin.de/polizei/allgem‚Ä¶', 'indices': [0, 23]}]}, 'description': {'urls': []}}",False,437216,21,1290,Wed Mar 19 14:58:12 +0000 2014,1145,,,True,False,17716,,"{'created_at': 'Sun May 28 17:49:54 +0000 2023', 'id': 1662878879332151297, 'id_str': '1662878879332151297', 'text': 'Last, but not least: \nDer letzte Wagen vom #karnevalderkulturen hat den #Hermannplatz erreicht. Wir hoffen, Sie hat‚Ä¶ https://t.co/AV8RVoKDb2', 'truncated': True, 'entities': {'hashtags': [{'text': 'karnevalderkulturen', 'indices': [43, 63]}, {'text': 'Hermannplatz', 'indices': [72, 85]}], 'symbols': [], 'user_mentions': [], 'urls': [{'url': 'https://t.co/AV8RVoKDb2', 'expanded_url': 'https://twitter.com/i/web/status/1662878879332151297', 'display_url': 'twitter.com/i/web/status/1‚Ä¶', 'indices': [117, 140]}]}, 'source': '<a href=""https://mobile.twitter.com"" rel=""nofollow"">Twitter Web App</a>', 'in_reply_to_status_id': None, 'in_reply_to_status_id_str': None, 'in_reply_to_user_id': None, 'in_reply_to_user_id_str': None, 'in_reply_to_screen_name': None, 'geo': None, 'coordinates': None, 'place': None, 'contributors': None, 'is_quote_status': False, 'retweet_count': 7, 'favorite_count': 221, 'favorited': False, 'retweeted': False, 'possibly_sensitive': False, 'lang': 'de'}",False,False,False,002F5D,http://abs.twimg.com/images/themes/theme1/bg.png,https://abs.twimg.com/images/themes/theme1/bg.png,False,http://pbs.twimg.com/profile_images/1520352893773176833/vJmz_HTz_normal.jpg,https://pbs.twimg.com/profile_images/1520352893773176833/vJmz_HTz_normal.jpg,https://pbs.twimg.com/profile_banners/2398002414/1685267760,002F5D,FFFFFF,DDEEF6,333333,True,True,False,False,False,False,False,none,[]
2397974054,2397974054,Polizei Berlin,polizeiberlin,"Berlin, Deutschland",,"Hier twittern ^tsm, ^yt, ^bo, ^VPr & ^PPr'in f√ºr die Polizei Berlin. -Keine Notrufe- Keine Anzeigen -Kein 24/7- In Notf√§llen üìû110",https://t.co/GPRIBG4BjJ,"{'url': {'urls': [{'url': 'https://t.co/GPRIBG4BjJ', 'expanded_url': 'https://www.berlin.de/polizei/allgemeine-seiten/artikel.40141.php', 'display_url': 'berlin.de/polizei/allgem‚Ä¶', 'indices': [0, 23]}]}, 'description': {'urls': []}}",False,556678,17,1492,Wed Mar 19 14:35:26 +0000 2014,2365,,,True,False,14454,,"{'created_at': 'Thu Jun 01 13:14:32 +0000 2023', 'id': 1664259134659743748, 'id_str': '1664259134659743748', 'text': '#Vermisst wird der 82-j√§hrige Wolfgang F. aus #Hamburg. Er stieg gestern am @hbf_berlin mit unbekanntem Ziel in die‚Ä¶ https://t.co/xMUTjN1j5F', 'truncated': True, 'entities': {'hashtags': [{'text': 'Vermisst', 'indices': [0, 9]}, {'text': 'Hamburg', 'indices': [46, 54]}], 'symbols': [], 'user_mentions': [{'screen_name': 'hbf_berlin', 'name': 'Berlin Hauptbahnhof', 'id': 142692389, 'id_str': '142692389', 'indices': [76, 87]}], 'urls': [{'url': 'https://t.co/xMUTjN1j5F', 'expanded_url': 'https://twitter.com/i/web/status/1664259134659743748', 'display_url': 'twitter.com/i/web/status/1‚Ä¶', 'indices': [117, 140]}]}, 'source': '<a href=""https://mobile.twitter.com"" rel=""nofollow"">Twitter Web App</a>', 'in_reply_to_status_id': None, 'in_reply_to_status_id_str': None, 'in_reply_to_user_id': None, 'in_reply_to_user_id_str': None, 'in_reply_to_screen_name': None, 'geo': None, 'coordinates': None, 'place': None, 'contributors': None, 'is_quote_status': False, 'retweet_count': 16, 'favorite_count': 32, 'favorited': False, 'retweeted': False, 'possibly_sensitive': False, 'lang': 'de'}",False,False,False,002F5D,http://abs.twimg.com/images/themes/theme1/bg.png,https://abs.twimg.com/images/themes/theme1/bg.png,False,http://pbs.twimg.com/profile_images/1520350793227976704/qoxN_jDE_normal.jpg,https://pbs.twimg.com/profile_images/1520350793227976704/qoxN_jDE_normal.jpg,https://pbs.twimg.com/profile_banners/2397974054/1664569677,002F5D,000000,DDEEF6,333333,False,True,False,False,False,False,False,none,[]
26638335,26638335,City of London Police,CityPolice,"City of London, London",,We are the police force for the City of London 'Square Mile'. Please don't report crime here; call 101 or 999 in an emergency. Not monitored 24/7.,https://t.co/YBGRkCbvte,"{'url': {'urls': [{'url': 'https://t.co/YBGRkCbvte', 'expanded_url': 'http://cityoflondon.police.uk', 'display_url': 'cityoflondon.police.uk', 'indices': [0, 23]}]}, 'description': {'urls': []}}",False,139507,555,1064,Thu Mar 26 00:18:45 +0000 2009,2175,,,True,False,16048,,"{'created_at': 'Thu Jun 01 13:07:30 +0000 2023', 'id': 1664257363589709824, 'id_str': '1664257363589709824', 'text': 'RT @TerrorismPolice: Unsure what constitutes terrorist activity? \n\nThe definition, under the Terrorism Act 2000, should help to give you a‚Ä¶', 'truncated': False, 'entities': {'hashtags': [], 'symbols': [], 'user_mentions': [{'screen_name': 'TerrorismPolice', 'name': 'Counter Terrorism Policing', 'id': 714767463586603009, 'id_str': '714767463586603009', 'indices': [3, 19]}], 'urls': []}, 'source': '<a href=""http://twitter.com/download/iphone"" rel=""nofollow"">Twitter for iPhone</a>', 'in_reply_to_status_id': None, 'in_reply_to_status_id_str': None, 'in_reply_to_user_id': None, 'in_reply_to_user_id_str': None, 'in_reply_to_screen_name': None, 'geo': None, 'coordinates': None, 'place': None, 'contributors': None, 'retweeted_status': {'created_at': 'Wed May 31 13:29:00 +0000 2023', 'id': 1663900385088790528, 'id_str': '1663900385088790528', 'text': 'Unsure what constitutes terrorist activity? \n\nThe definition, under the Terrorism Act 2000, should help to give you‚Ä¶ https://t.co/BaorID0x5c', 'truncated': True, 'entities': {'hashtags': [], 'symbols': [], 'user_mentions': [], 'urls': [{'url': 'https://t.co/BaorID0x5c', 'expanded_url': 'https://twitter.com/i/web/status/1663900385088790528', 'display_url': 'twitter.com/i/web/status/1‚Ä¶', 'indices': [117, 140]}]}, 'source': '<a href=""https://twitter.com"" rel=""nofollow"">Twitter for Advertisers</a>', 'in_reply_to_status_id': None, 'in_reply_to_status_id_str': None, 'in_reply_to_user_id': None, 'in_reply_to_user_id_str': None, 'in_reply_to_screen_name': None, 'geo': None, 'coordinates': None, 'place': None, 'contributors': None, 'is_quote_status': False, 'retweet_count': 11, 'favorite_count': 23, 'favorited': False, 'retweeted': False, 'possibly_sensitive': False, 'lang': 'en'}, 'is_quote_status': False, 'retweet_count': 11, 'favorite_count': 0, 'favorited': False, 'retweeted': False, 'lang': 'en'}",False,False,True,FFFFFF,http://abs.twimg.com/images/themes/theme1/bg.png,https://abs.twimg.com/images/themes/theme1/bg.png,False,http://pbs.twimg.com/profile_images/1592475528002404353/qC5Hu36F_normal.jpg,https://pbs.twimg.com/profile_images/1592475528002404353/qC5Hu36F_normal.jpg,https://pbs.twimg.com/profile_banners/26638335/1663664648,FF0000,FFFFFF,DAE0D7,333333,True,True,False,False,False,False,False,none,[]
66967746,66967746,Metropolitan Police,metpoliceuk,London,,"London's Metropolitan Police Service. 

Please do not report crime here. Call 101, tweet @MetCC or visit our website. In an emergency always call 999",https://t.co/NJ5rS8Usbo,"{'url': {'urls': [{'url': 'https://t.co/NJ5rS8Usbo', 'expanded_url': 'https://www.met.police.uk/', 'display_url': 'met.police.uk', 'indices': [0, 23]}]}, 'description': {'urls': []}}",False,1324405,792,4340,Wed Aug 19 10:41:21 +0000 2009,3826,,,True,False,33932,,"{'created_at': 'Thu Jun 01 14:34:23 +0000 2023', 'id': 1664279226579832837, 'id_str': '1664279226579832837', 'text': 'RT @MPSGreenwich: #Watch üëÄ\n#Share \n\nGurvinder is one of your local officers in the South East in the role as a schools officer. On Friday 2‚Ä¶', 'truncated': False, 'entities': {'hashtags': [{'text': 'Watch', 'indices': [18, 24]}, {'text': 'Share', 'indices': [27, 33]}], 'symbols': [], 'user_mentions': [{'screen_name': 'MPSGreenwich', 'name': 'Greenwich MPS', 'id': 507274828, 'id_str': '507274828', 'indices': [3, 16]}], 'urls': []}, 'source': '<a href=""https://mobile.twitter.com"" rel=""nofollow"">Twitter Web App</a>', 'in_reply_to_status_id': None, 'in_reply_to_status_id_str': None, 'in_reply_to_user_id': None, 'in_reply_to_user_id_str': None, 'in_reply_to_screen_name': None, 'geo': None, 'coordinates': None, 'place': None, 'contributors': None, 'retweeted_status': {'created_at': 'Thu Jun 01 12:58:00 +0000 2023', 'id': 1664254973864030209, 'id_str': '1664254973864030209', 'text': '#Watch üëÄ\n#Share \n\nGurvinder is one of your local officers in the South East in the role as a schools officer. On Fr‚Ä¶ https://t.co/YqxdgpyuJs', 'truncated': True, 'entities': {'hashtags': [{'text': 'Watch', 'indices': [0, 6]}, {'text': 'Share', 'indices': [9, 15]}], 'symbols': [], 'user_mentions': [], 'urls': [{'url': 'https://t.co/YqxdgpyuJs', 'expanded_url': 'https://twitter.com/i/web/status/1664254973864030209', 'display_url': 'twitter.com/i/web/status/1‚Ä¶', 'indices': [117, 140]}]}, 'source': '<a href=""https://mobile.twitter.com"" rel=""nofollow"">Twitter Web App</a>', 'in_reply_to_status_id': None, 'in_reply_to_status_id_str': None, 'in_reply_to_user_id': None, 'in_reply_to_user_id_str': None, 'in_reply_to_screen_name': None, 'geo': None, 'coordinates': None, 'place': None, 'contributors': None, 'is_quote_status': False, 'retweet_count': 1, 'favorite_count': 3, 'favorited': False, 'retweeted': False, 'possibly_sensitive': False, 'lang': 'en'}, 'is_quote_status': False, 'retweet_count': 1, 'favorite_count': 0, 'favorited': False, 'retweeted': False, 'lang': 'en'}",False,False,True,000099,http://abs.twimg.com/images/themes/theme15/bg.png,https://abs.twimg.com/images/themes/theme15/bg.png,False,http://pbs.twimg.com/profile_images/1592109893334585352/SWh6-Rkc_normal.jpg,https://pbs.twimg.com/profile_images/1592109893334585352/SWh6-Rkc_normal.jpg,https://pbs.twimg.com/profile_banners/66967746/1683906519,000099,FFFFFF,F7F7F7,333333,False,False,False,False,False,False,False,regular,[]
4017163456,4017163456,Met Contact Centre,MetCC,"London, England",,"London's Metropolitan Police Service Contact Centre (MetCC). We are available for non-emergency enquiries 24/7/365. In an emergency, always dial 999.",https://t.co/dFLK8TDgoi,"{'url': {'urls': [{'url': 'https://t.co/dFLK8TDgoi', 'expanded_url': 'https://www.met.police.uk/', 'display_url': 'met.police.uk', 'indices': [0, 23]}]}, 'description': {'urls': []}}",False,37941,100,233,Thu Oct 22 13:21:59 +0000 2015,156,,,False,False,78387,,"{'created_at': 'Thu Jun 01 14:00:07 +0000 2023', 'id': 1664270605695455234, 'id_str': '1664270605695455234', 'text': 'Looking for help or advice? Want to tell us something or report an incident?\n\nSave time and tweet us @MetCC - In an‚Ä¶ https://t.co/pI5EB8rnv5', 'truncated': True, 'entities': {'hashtags': [], 'symbols': [], 'user_mentions': [{'screen_name': 'MetCC', 'name': 'Met Contact Centre', 'id': 4017163456, 'id_str': '4017163456', 'indices': [101, 107]}], 'urls': [{'url': 'https://t.co/pI5EB8rnv5', 'expanded_url': 'https://twitter.com/i/web/status/1664270605695455234', 'display_url': 'twitter.com/i/web/status/1‚Ä¶', 'indices': [117, 140]}]}, 'source': '<a href=""https://prod1.sprinklr.com"" rel=""nofollow"">Sprinklr Publishing</a>', 'in_reply_to_status_id': None, 'in_reply_to_status_id_str': None, 'in_reply_to_user_id': None, 'in_reply_to_user_id_str': None, 'in_reply_to_screen_name': None, 'geo': None, 'coordinates': None, 'place': None, 'contributors': None, 'is_quote_status': False, 'retweet_count': 0, 'favorite_count': 0, 'favorited': False, 'retweeted': False, 'possibly_sensitive': False, 'lang': 'en'}",False,False,False,000099,http://abs.twimg.com/images/themes/theme1/bg.png,https://abs.twimg.com/images/themes/theme1/bg.png,False,http://pbs.twimg.com/profile_images/1592263542127878152/tvpZA00e_normal.jpg,https://pbs.twimg.com/profile_images/1592263542127878152/tvpZA00e_normal.jpg,https://pbs.twimg.com/profile_banners/4017163456/1663628823,000099,000000,000000,000000,False,True,False,False,False,False,False,none,[]
1581929480309841920,1581929480309841920,Police Municipale de Paris,PMdeParis,"Paris, France",,"Compte officiel de la Police Municipale parisienne üá´üá∑
Disponibilit√©, proximit√© & exemplarit√© ‚ùï
#AupresDeVous
‚òéÔ∏è 3975 (puis tapez 3)",,{'description': {'urls': []}},False,1569,91,10,Mon Oct 17 08:47:47 +0000 2022,530,,,False,False,228,,"{'created_at': 'Thu Jun 01 07:25:18 +0000 2023', 'id': 1664171246022475778, 'id_str': '1664171246022475778', 'text': 'RT @nicolas_nordman: #Accessibilit√© | A l‚Äôoccasion du plan de mobilisation de l‚Äôex√©cutif parisien pour l‚Äôaccessibilit√© et la conception uni‚Ä¶', 'truncated': False, 'entities': {'hashtags': [{'text': 'Accessibilit√©', 'indices': [21, 35]}], 'symbols': [], 'user_mentions': [{'screen_name': 'nicolas_nordman', 'name': 'Nicolas Nordman', 'id': 494280551, 'id_str': '494280551', 'indices': [3, 19]}], 'urls': []}, 'source': '<a href=""http://twitter.com/download/android"" rel=""nofollow"">Twitter for Android</a>', 'in_reply_to_status_id': None, 'in_reply_to_status_id_str': None, 'in_reply_to_user_id': None, 'in_reply_to_user_id_str': None, 'in_reply_to_screen_name': None, 'geo': None, 'coordinates': None, 'place': None, 'contributors': None, 'retweeted_status': {'created_at': 'Wed May 31 20:45:10 +0000 2023', 'id': 1664010151676837888, 'id_str': '1664010151676837888', 'text': '#Accessibilit√© | A l‚Äôoccasion du plan de mobilisation de l‚Äôex√©cutif parisien pour l‚Äôaccessibilit√© et la conception‚Ä¶ https://t.co/XsdeGZoVly', 'truncated': True, 'entities': {'hashtags': [{'text': 'Accessibilit√©', 'indices': [0, 14]}], 'symbols': [], 'user_mentions': [], 'urls': [{'url': 'https://t.co/XsdeGZoVly', 'expanded_url': 'https://twitter.com/i/web/status/1664010151676837888', 'display_url': 'twitter.com/i/web/status/1‚Ä¶', 'indices': [116, 139]}]}, 'source': '<a href=""http://twitter.com/download/iphone"" rel=""nofollow"">Twitter for iPhone</a>', 'in_reply_to_status_id': None, 'in_reply_to_status_id_str': None, 'in_reply_to_user_id': None, 'in_reply_to_user_id_str': None, 'in_reply_to_screen_name': None, 'geo': None, 'coordinates': None, 'place': None, 'contributors': None, 'is_quote_status': False, 'retweet_count': 3, 'favorite_count': 22, 'favorited': False, 'retweeted': False, 'possibly_sensitive': False, 'lang': 'fr'}, 'is_quote_status': False, 'retweet_count': 3, 'favorite_count': 0, 'favorited': False, 'retweeted': False, 'lang': 'fr'}",False,False,False,F5F8FA,,,False,http://pbs.twimg.com/profile_images/1598714969939496961/CNU6Cn45_normal.jpg,https://pbs.twimg.com/profile_images/1598714969939496961/CNU6Cn45_normal.jpg,https://pbs.twimg.com/profile_banners/1581929480309841920/1665997335,1DA1F2,C0DEED,DDEEF6,333333,True,True,True,False,False,False,False,none,[]
2175994554,2175994554,PoliziaRomaCapitale,PLRomaCapitale,Roma,,Account ufficiale moderato dal üóìÔ∏èlun al ven ore üïò9.00-üïï18.00.  ‚òéÔ∏è 0667691 Urgenze/Emergenze ‚òéÔ∏è 060606 per Informazioni. Questo canale non tratta segnalazioni,https://t.co/bsFHKgDzAw,"{'url': {'urls': [{'url': 'https://t.co/bsFHKgDzAw', 'expanded_url': 'http://www.comune.roma.it/web/it/corpo-di-polizia-locale-di-roma-capitale.page', 'display_url': 'comune.roma.it/web/it/corpo-d‚Ä¶', 'indices': [0, 23]}]}, 'description': {'urls': []}}",False,82744,4,337,Tue Nov 05 12:35:47 +0000 2013,61,,,False,False,71306,,"{'created_at': 'Mon Aug 30 15:00:54 +0000 2021', 'id': 1432357667528392704, 'id_str': '1432357667528392704', 'text': '@Andrea0606061 @RiganteLeonardo Gli orari sono pubblicati sulla nostra pagina facebook https://t.co/D8jzlwYNyv', 'truncated': False, 'entities': {'hashtags': [], 'symbols': [], 'user_mentions': [{'screen_name': 'Andrea0606061', 'name': 'Andrea Romano', 'id': 1277715064624156677, 'id_str': '1277715064624156677', 'indices': [0, 14]}, {'screen_name': 'RiganteLeonardo', 'name': 'Leonardo Rigante üá∫üá¶', 'id': 3010467274, 'id_str': '3010467274', 'indices': [15, 31]}], 'urls': [{'url': 'https://t.co/D8jzlwYNyv', 'expanded_url': 'https://www.facebook.com/PoliziaRomaCapitale', 'display_url': 'facebook.com/PoliziaRomaCap‚Ä¶', 'indices': [87, 110]}]}, 'source': '<a href=""https://mobile.twitter.com"" rel=""nofollow"">Twitter Web App</a>', 'in_reply_to_status_id': 1432322407797243909, 'in_reply_to_status_id_str': '1432322407797243909', 'in_reply_to_user_id': 1277715064624156677, 'in_reply_to_user_id_str': '1277715064624156677', 'in_reply_to_screen_name': 'Andrea0606061', 'geo': None, 'coordinates': None, 'place': None, 'contributors': None, 'is_quote_status': False, 'retweet_count': 0, 'favorite_count': 0, 'favorited': False, 'retweeted': False, 'possibly_sensitive': False, 'lang': 'it'}",False,False,False,FFFFFF,http://abs.twimg.com/images/themes/theme1/bg.png,https://abs.twimg.com/images/themes/theme1/bg.png,False,http://pbs.twimg.com/profile_images/378800000698027542/d2b817839f55c308670b37b93acb0343_normal.jpeg,https://pbs.twimg.com/profile_images/378800000698027542/d2b817839f55c308670b37b93acb0343_normal.jpeg,https://pbs.twimg.com/profile_banners/2175994554/1663739278,17627D,FFFFFF,DDEEF6,333333,True,False,False,False,False,False,False,none,[]
522366834,522366834,QuesturaDiRoma,QuesturaDiRoma,"Via San Vitale 15, Roma",,"Benvenuti nel profilo ufficiale della Questura di Roma. 
Non inviate denunce o esposti relativi ad attivit√† di Polizia. Per emergenze chiamate il 112.",https://t.co/q0HLA4iTD8,"{'url': {'urls': [{'url': 'https://t.co/q0HLA4iTD8', 'expanded_url': 'http://questure.poliziadistato.it/Roma', 'display_url': 'questure.poliziadistato.it/Roma', 'indices': [0, 23]}]}, 'description': {'urls': []}}",False,15370,22,156,Mon Mar 12 16:03:11 +0000 2012,6,,,True,False,13437,,"{'created_at': 'Fri Jan 06 06:24:55 +0000 2023', 'id': 1611247422755192835, 'id_str': '1611247422755192835', 'text': 'RT @poliziadistato: Oggi l‚Äôultimo saluto al #Papa emerito #BenedettoXVI Migliaia di persone in piazza San Pietro per le esequie presiedute‚Ä¶', 'truncated': False, 'entities': {'hashtags': [{'text': 'Papa', 'indices': [44, 49]}, {'text': 'BenedettoXVI', 'indices': [58, 71]}], 'symbols': [], 'user_mentions': [{'screen_name': 'poliziadistato', 'name': 'Polizia di Stato', 'id': 20423071, 'id_str': '20423071', 'indices': [3, 18]}], 'urls': []}, 'source': '<a href=""https://mobile.twitter.com"" rel=""nofollow"">Twitter Web App</a>', 'in_reply_to_status_id': None, 'in_reply_to_status_id_str': None, 'in_reply_to_user_id': None, 'in_reply_to_user_id_str': None, 'in_reply_to_screen_name': None, 'geo': None, 'coordinates': None, 'place': None, 'contributors': None, 'retweeted_status': {'created_at': 'Thu Jan 05 07:33:04 +0000 2023', 'id': 1610902182299340800, 'id_str': '1610902182299340800', 'text': 'Oggi l‚Äôultimo saluto al #Papa emerito #BenedettoXVI Migliaia di persone in piazza San Pietro per le esequie presied‚Ä¶ https://t.co/893y6mQEU2', 'truncated': True, 'entities': {'hashtags': [{'text': 'Papa', 'indices': [24, 29]}, {'text': 'BenedettoXVI', 'indices': [38, 51]}], 'symbols': [], 'user_mentions': [], 'urls': [{'url': 'https://t.co/893y6mQEU2', 'expanded_url': 'https://twitter.com/i/web/status/1610902182299340800', 'display_url': 'twitter.com/i/web/status/1‚Ä¶', 'indices': [117, 140]}]}, 'source': '<a href=""https://mobile.twitter.com"" rel=""nofollow"">Twitter Web App</a>', 'in_reply_to_status_id': None, 'in_reply_to_status_id_str': None, 'in_reply_to_user_id': None, 'in_reply_to_user_id_str': None, 'in_reply_to_screen_name': None, 'geo': None, 'coordinates': None, 'place': None, 'contributors': None, 'is_quote_status': False, 'retweet_count': 17, 'favorite_count': 200, 'favorited': False, 'retweeted': False, 'possibly_sensitive': False, 'lang': 'it'}, 'is_quote_status': False, 'retweet_count': 17, 'favorite_count': 0, 'favorited': False, 'retweeted': False, 'lang': 'it'}",False,False,False,022330,http://abs.twimg.com/images/themes/theme15/bg.png,https://abs.twimg.com/images/themes/theme15/bg.png,True,http://pbs.twimg.com/profile_images/3501606461/be4885c3f5a27bd45792d2f07aa59e7e_normal.png,https://pbs.twimg.com/profile_images/3501606461/be4885c3f5a27bd45792d2f07aa59e7e_normal.png,https://pbs.twimg.com/profile_banners/522366834/1354781827,E81C4F,FFFFFF,C0DFEC,333333,True,False,False,False,False,False,False,none,[]
300144495,300144495,Polic√≠a Municipal de Madrid,policiademadrid,Madrid,,Perfil Oficial. 092 FB: https://t.co/9iJ9DV0Sc5 IG: https://t.co/0ZUAh5gvZl YT: https://t.co/CZR07KdQrN‚Ä¶,https://t.co/mE4YAlf4qX,"{'url': {'urls': [{'url': 'https://t.co/mE4YAlf4qX', 'expanded_url': 'http://madrid.es/policia', 'display_url': 'madrid.es/policia', 'indices': [0, 23]}]}, 'description': {'urls': [{'url': 'https://t.co/9iJ9DV0Sc5', 'expanded_url': 'http://facebook.com/policiademadrid', 'display_url': 'facebook.com/policiademadrid', 'indices': [24, 47]}, {'url': 'https://t.co/0ZUAh5gvZl', 'expanded_url': 'http://instagram.com/policiademadrid', 'display_url': 'instagram.com/policiademadrid', 'indices': [52, 75]}, {'url': 'https://t.co/CZR07KdQrN', 'expanded_url': 'http://youtube.com/c/Polic%C3%ADa', 'display_url': 'youtube.com/c/Polic%C3%ADa', 'indices': [80, 103]}]}}",False,440289,39,1319,Tue May 17 08:32:06 +0000 2011,3383,,,True,False,27704,,"{'created_at': 'Thu Jun 01 12:32:00 +0000 2023', 'id': 1664248428485046273, 'id_str': '1664248428485046273', 'text': 'üö®Activada alerta amarilla üü° por condiciones meteorol√≥gicas adversas @AEMET_Madrid .\nAlgunos de nuestros parques man‚Ä¶ https://t.co/0GKtwTfd2e', 'truncated': True, 'entities': {'hashtags': [], 'symbols': [], 'user_mentions': [{'screen_name': 'AEMET_Madrid', 'name': 'AEMET_Madrid', 'id': 1079135084, 'id_str': '1079135084', 'indices': [68, 81]}], 'urls': [{'url': 'https://t.co/0GKtwTfd2e', 'expanded_url': 'https://twitter.com/i/web/status/1664248428485046273', 'display_url': 'twitter.com/i/web/status/1‚Ä¶', 'indices': [117, 140]}]}, 'source': '<a href=""https://mobile.twitter.com"" rel=""nofollow"">Twitter Web App</a>', 'in_reply_to_status_id': None, 'in_reply_to_status_id_str': None, 'in_reply_to_user_id': None, 'in_reply_to_user_id_str': None, 'in_reply_to_screen_name': None, 'geo': None, 'coordinates': None, 'place': None, 'contributors': None, 'is_quote_status': True, 'quoted_status_id': 1664163625597038592, 'quoted_status_id_str': '1664163625597038592', 'retweet_count': 3, 'favorite_count': 7, 'favorited': False, 'retweeted': False, 'possibly_sensitive': False, 'lang': 'es'}",False,False,False,C0DEED,http://abs.twimg.com/images/themes/theme1/bg.png,https://abs.twimg.com/images/themes/theme1/bg.png,False,http://pbs.twimg.com/profile_images/1590962890399416320/D1ot5uDe_normal.jpg,https://pbs.twimg.com/profile_images/1590962890399416320/D1ot5uDe_normal.jpg,https://pbs.twimg.com/profile_banners/300144495/1650369926,022C45,FFFFFF,DDEEF6,333333,True,True,False,False,False,False,False,none,[]
844512359431450624,844512359431450624,Policja Warszawa,Policja_KSP,"Warszawa, Polska",,Oficjalny profil Komendy Sto≈Çecznej Policji ma charakter informacyjny i nie s≈Çu≈ºy do obs≈Çugi zg≈Çosze≈Ñ. W sytuacjach alarmowych dzwo≈Ñ na 112.,https://t.co/7zT1h1NNxz,"{'url': {'urls': [{'url': 'https://t.co/7zT1h1NNxz', 'expanded_url': 'http://www.policja.waw.pl', 'display_url': 'policja.waw.pl', 'indices': [0, 23]}]}, 'description': {'urls': []}}",False,32020,126,88,Wed Mar 22 11:33:31 +0000 2017,1230,,,True,False,7181,,"{'created_at': 'Thu Jun 01 11:22:59 +0000 2023', 'id': 1664231061159657475, 'id_str': '1664231061159657475', 'text': 'W oponach auta zosta≈Çy ukryte narkotyki, wraz z zatrzymanym policjanci udali siƒô do serwisu. Po dok≈Çadnym sprawdzen‚Ä¶ https://t.co/IwuUdnzw3G', 'truncated': True, 'entities': {'hashtags': [], 'symbols': [], 'user_mentions': [], 'urls': [{'url': 'https://t.co/IwuUdnzw3G', 'expanded_url': 'https://twitter.com/i/web/status/1664231061159657475', 'display_url': 'twitter.com/i/web/status/1‚Ä¶', 'indices': [117, 140]}]}, 'source': '<a href=""https://mobile.twitter.com"" rel=""nofollow"">Twitter Web App</a>', 'in_reply_to_status_id': 1664231059075092486, 'in_reply_to_status_id_str': '1664231059075092486', 'in_reply_to_user_id': 844512359431450624, 'in_reply_to_user_id_str': '844512359431450624', 'in_reply_to_screen_name': 'Policja_KSP', 'geo': None, 'coordinates': None, 'place': None, 'contributors': None, 'is_quote_status': False, 'retweet_count': 0, 'favorite_count': 2, 'favorited': False, 'retweeted': False, 'possibly_sensitive': False, 'lang': 'pl'}",False,False,False,000000,http://abs.twimg.com/images/themes/theme1/bg.png,https://abs.twimg.com/images/themes/theme1/bg.png,False,http://pbs.twimg.com/profile_images/1658749179580014593/fcbj6dik_normal.jpg,https://pbs.twimg.com/profile_images/1658749179580014593/fcbj6dik_normal.jpg,https://pbs.twimg.com/profile_banners/844512359431450624/1684312295,162D4F,000000,000000,000000,False,False,False,False,False,False,False,none,[]
22182504,22182504,Politie Eenheid Amsterdam,POL_Amsterdam,Amsterdam,,"Politie Eenheid Amsterdam | Omgeving Amsterdam, Amstelveen, Diemen, Uithoorn  | Voor het melden van incidenten belt u 0900-8844. Bij spoed belt u 112.",https://t.co/ZhQu0aUQSn,"{'url': {'urls': [{'url': 'https://t.co/ZhQu0aUQSn', 'expanded_url': 'https://politie.nl', 'display_url': 'politie.nl', 'indices': [0, 23]}]}, 'description': {'urls': []}}",False,398470,242,814,Fri Feb 27 20:01:30 +0000 2009,325,,,True,False,13461,,"{'created_at': 'Thu Jun 01 10:50:28 +0000 2023', 'id': 1664222878181515272, 'id_str': '1664222878181515272', 'text': 'Afgelopen nacht heeft er wederom een explosie plaatsgevonden bij een geldwisselkantoor aan de Bijlmerdreef. Gelukki‚Ä¶ https://t.co/M5OpRqa3HG', 'truncated': True, 'entities': {'hashtags': [], 'symbols': [], 'user_mentions': [], 'urls': [{'url': 'https://t.co/M5OpRqa3HG', 'expanded_url': 'https://twitter.com/i/web/status/1664222878181515272', 'display_url': 'twitter.com/i/web/status/1‚Ä¶', 'indices': [117, 140]}]}, 'source': '<a href=""https://mobile.twitter.com"" rel=""nofollow"">Twitter Web App</a>', 'in_reply_to_status_id': None, 'in_reply_to_status_id_str': None, 'in_reply_to_user_id': None, 'in_reply_to_user_id_str': None, 'in_reply_to_screen_name': None, 'geo': None, 'coordinates': None, 'place': None, 'contributors': None, 'is_quote_status': False, 'retweet_count': 3, 'favorite_count': 2, 'favorited': False, 'retweeted': False, 'possibly_sensitive': False, 'lang': 'nl'}",False,False,False,FFFFFF,http://abs.twimg.com/images/themes/theme1/bg.png,https://abs.twimg.com/images/themes/theme1/bg.png,False,http://pbs.twimg.com/profile_images/713361426920960000/HN4wRcbN_normal.jpg,https://pbs.twimg.com/profile_images/713361426920960000/HN4wRcbN_normal.jpg,https://pbs.twimg.com/profile_banners/22182504/1632922029,BE9E55,000000,BE9E55,333333,True,False,False,False,False,False,False,none,[]
811137611578413056,811137611578413056,Mƒõstsk√° policie Praha,MP_Praha,Hlavn√≠ mƒõsto Praha,,"Tento profil neslou≈æ√≠ jako ofici√°ln√≠ kan√°l pro komunikaci s Mƒõstskou polici√≠ hl. m. Prahy. Sv√© dotazy, n√°mƒõty a p≈ôipom√≠nky zas√≠lejte na: info@mppraha.cz",https://t.co/q8LFOO8YqQ,"{'url': {'urls': [{'url': 'https://t.co/q8LFOO8YqQ', 'expanded_url': 'http://www.mppraha.cz/', 'display_url': 'mppraha.cz', 'indices': [0, 23]}]}, 'description': {'urls': []}}",False,7385,14,61,Tue Dec 20 09:14:11 +0000 2016,48,,,False,False,366,,"{'created_at': 'Mon Mar 06 14:57:21 +0000 2023', 'id': 1632757262824480769, 'id_str': '1632757262824480769', 'text': 'Str√°≈æn√≠ci kr√°tce po 13. hodinƒõ uhasili tramvaj ƒç√≠slo 13 na zast√°vce MHD ≈Ωelivsk√©ho. K ohnisku na st≈ôe≈°e se dostali‚Ä¶ https://t.co/h6ECC6yNki', 'truncated': True, 'entities': {'hashtags': [], 'symbols': [], 'user_mentions': [], 'urls': [{'url': 'https://t.co/h6ECC6yNki', 'expanded_url': 'https://twitter.com/i/web/status/1632757262824480769', 'display_url': 'twitter.com/i/web/status/1‚Ä¶', 'indices': [116, 139]}]}, 'source': '<a href=""https://mobile.twitter.com"" rel=""nofollow"">Twitter Web App</a>', 'in_reply_to_status_id': None, 'in_reply_to_status_id_str': None, 'in_reply_to_user_id': None, 'in_reply_to_user_id_str': None, 'in_reply_to_screen_name': None, 'geo': None, 'coordinates': None, 'place': None, 'contributors': None, 'is_quote_status': False, 'retweet_count': 17, 'favorite_count': 411, 'favorited': False, 'retweeted': False, 'possibly_sensitive': False, 'lang': 'cs'}",False,False,False,F5F8FA,,,False,http://pbs.twimg.com/profile_images/811149656931598336/XhahcqGc_normal.jpg,https://pbs.twimg.com/profile_images/811149656931598336/XhahcqGc_normal.jpg,https://pbs.twimg.com/profile_banners/811137611578413056/1516370990,1DA1F2,C0DEED,DDEEF6,333333,True,False,True,False,False,False,False,none,[]
240683045,240683045,PSP - Comando Metropolitano de Lisboa,psplisboa,Lisboa - Portugal,,"Esta conta n√£o √© monitorizada 24H por dia, para situa√ß√µes de emerg√™ncia deve utilizar o 112.

Para outras situa√ß√µes ligue 217 654 242 (21Pol√≠cia).",https://t.co/FNZzVB3ZIF,"{'url': {'urls': [{'url': 'https://t.co/FNZzVB3ZIF', 'expanded_url': 'https://www.facebook.com/PSPLisboa', 'display_url': 'facebook.com/PSPLisboa', 'indices': [0, 23]}]}, 'description': {'urls': []}}",False,1563,32,22,Thu Jan 20 14:02:58 +0000 2011,9,,,False,False,11182,,"{'created_at': 'Sat May 27 10:17:33 +0000 2023', 'id': 1662402653039607809, 'id_str': '1662402653039607809', 'text': 'Poss√≠veis festejos de campe√£o nacional de futebol https://t.co/NkN5romTUH', 'truncated': False, 'entities': {'hashtags': [], 'symbols': [], 'user_mentions': [], 'urls': [], 'media': [{'id': 1662402638552485888, 'id_str': '1662402638552485888', 'indices': [50, 73], 'media_url': 'http://pbs.twimg.com/media/FxIKZFiX0AA8W2O.jpg', 'media_url_https': 'https://pbs.twimg.com/media/FxIKZFiX0AA8W2O.jpg', 'url': 'https://t.co/NkN5romTUH', 'display_url': 'pic.twitter.com/NkN5romTUH', 'expanded_url': 'https://twitter.com/psplisboa/status/1662402653039607809/photo/1', 'type': 'photo', 'sizes': {'thumb': {'w': 150, 'h': 150, 'resize': 'crop'}, 'large': {'w': 1080, 'h': 1920, 'resize': 'fit'}, 'medium': {'w': 675, 'h': 1200, 'resize': 'fit'}, 'small': {'w': 383, 'h': 680, 'resize': 'fit'}}}]}, 'extended_entities': {'media': [{'id': 1662402638552485888, 'id_str': '1662402638552485888', 'indices': [50, 73], 'media_url': 'http://pbs.twimg.com/media/FxIKZFiX0AA8W2O.jpg', 'media_url_https': 'https://pbs.twimg.com/media/FxIKZFiX0AA8W2O.jpg', 'url': 'https://t.co/NkN5romTUH', 'display_url': 'pic.twitter.com/NkN5romTUH', 'expanded_url': 'https://twitter.com/psplisboa/status/1662402653039607809/photo/1', 'type': 'photo', 'sizes': {'thumb': {'w': 150, 'h': 150, 'resize': 'crop'}, 'large': {'w': 1080, 'h': 1920, 'resize': 'fit'}, 'medium': {'w': 675, 'h': 1200, 'resize': 'fit'}, 'small': {'w': 383, 'h': 680, 'resize': 'fit'}}}, {'id': 1662402642277023746, 'id_str': '1662402642277023746', 'indices': [50, 73], 'media_url': 'http://pbs.twimg.com/media/FxIKZTaXwAI1JR5.jpg', 'media_url_https': 'https://pbs.twimg.com/media/FxIKZTaXwAI1JR5.jpg', 'url': 'https://t.co/NkN5romTUH', 'display_url': 'pic.twitter.com/NkN5romTUH', 'expanded_url': 'https://twitter.com/psplisboa/status/1662402653039607809/photo/1', 'type': 'photo', 'sizes': {'thumb': {'w': 150, 'h': 150, 'resize': 'crop'}, 'small': {'w': 383, 'h': 680, 'resize': 'fit'}, 'large': {'w': 1080, 'h': 1920, 'resize': 'fit'}, 'medium': {'w': 675, 'h': 1200, 'resize': 'fit'}}}, {'id': 1662402646576070656, 'id_str': '1662402646576070656', 'indices': [50, 73], 'media_url': 'http://pbs.twimg.com/media/FxIKZjbWAAARBlH.jpg', 'media_url_https': 'https://pbs.twimg.com/media/FxIKZjbWAAARBlH.jpg', 'url': 'https://t.co/NkN5romTUH', 'display_url': 'pic.twitter.com/NkN5romTUH', 'expanded_url': 'https://twitter.com/psplisboa/status/1662402653039607809/photo/1', 'type': 'photo', 'sizes': {'thumb': {'w': 150, 'h': 150, 'resize': 'crop'}, 'large': {'w': 1080, 'h': 1920, 'resize': 'fit'}, 'medium': {'w': 675, 'h': 1200, 'resize': 'fit'}, 'small': {'w': 383, 'h': 680, 'resize': 'fit'}}}, {'id': 1662402650908897282, 'id_str': '1662402650908897282', 'indices': [50, 73], 'media_url': 'http://pbs.twimg.com/media/FxIKZzkXsAIKAZW.jpg', 'media_url_https': 'https://pbs.twimg.com/media/FxIKZzkXsAIKAZW.jpg', 'url': 'https://t.co/NkN5romTUH', 'display_url': 'pic.twitter.com/NkN5romTUH', 'expanded_url': 'https://twitter.com/psplisboa/status/1662402653039607809/photo/1', 'type': 'photo', 'sizes': {'thumb': {'w': 150, 'h': 150, 'resize': 'crop'}, 'small': {'w': 383, 'h': 680, 'resize': 'fit'}, 'medium': {'w': 675, 'h': 1200, 'resize': 'fit'}, 'large': {'w': 1080, 'h': 1920, 'resize': 'fit'}}}]}, 'source': '<a href=""http://twitter.com/download/android"" rel=""nofollow"">Twitter for Android</a>', 'in_reply_to_status_id': None, 'in_reply_to_status_id_str': None, 'in_reply_to_user_id': None, 'in_reply_to_user_id_str': None, 'in_reply_to_screen_name': None, 'geo': None, 'coordinates': None, 'place': None, 'contributors': None, 'is_quote_status': False, 'retweet_count': 1, 'favorite_count': 3, 'favorited': False, 'retweeted': False, 'possibly_sensitive': False, 'lang': 'pt'}",False,False,False,0B046B,http://abs.twimg.com/images/themes/theme1/bg.png,https://abs.twimg.com/images/themes/theme1/bg.png,False,http://pbs.twimg.com/profile_images/1656975983814098944/Hv9Z7DXz_normal.jpg,https://pbs.twimg.com/profile_images/1656975983814098944/Hv9Z7DXz_normal.jpg,https://pbs.twimg.com/profile_banners/240683045/1683891243,0048B3,C1E5EB,DCDEF5,333333,True,False,False,False,False,False,False,none,[]
40486636,40486636,Polisen Stockholm,polisen_sthlm,Stockholm,,Officiellt konto. F√∂lj oss f√∂r nyheter fr√•n polisen Stockholm. Vi svarar inte h√§r. Vid akuta fall ring 112. F√∂r tips anv√§nd 114 14 eller https://t.co/GV1y8PlTei.,https://t.co/GV1y8PlTei,"{'url': {'urls': [{'url': 'https://t.co/GV1y8PlTei', 'expanded_url': 'http://polisen.se', 'display_url': 'polisen.se', 'indices': [0, 23]}]}, 'description': {'urls': [{'url': 'https://t.co/GV1y8PlTei', 'expanded_url': 'http://polisen.se', 'display_url': 'polisen.se', 'indices': [137, 160]}]}}",False,253203,4,478,Sat May 16 15:54:52 +0000 2009,2,,,False,False,74799,,"{'created_at': 'Thu Jun 01 14:32:02 +0000 2023', 'id': 1664278638941044737, 'id_str': '1664278638941044737', 'text': '01 juni 16:12, Trafikolycka, Stockholm https://t.co/02i3pXYFIf', 'truncated': False, 'entities': {'hashtags': [], 'symbols': [], 'user_mentions': [], 'urls': [{'url': 'https://t.co/02i3pXYFIf', 'expanded_url': 'http://dlvr.it/Spzn3s', 'display_url': 'dlvr.it/Spzn3s', 'indices': [39, 62]}]}, 'source': '<a href=""https://dlvrit.com/"" rel=""nofollow"">dlvr.it</a>', 'in_reply_to_status_id': None, 'in_reply_to_status_id_str': None, 'in_reply_to_user_id': None, 'in_reply_to_user_id_str': None, 'in_reply_to_screen_name': None, 'geo': None, 'coordinates': None, 'place': None, 'contributors': None, 'is_quote_status': False, 'retweet_count': 0, 'favorite_count': 0, 'favorited': False, 'retweeted': False, 'possibly_sensitive': False, 'lang': 'sv'}",False,False,False,C0DEED,http://abs.twimg.com/images/themes/theme1/bg.png,https://abs.twimg.com/images/themes/theme1/bg.png,False,http://pbs.twimg.com/profile_images/1584445356430983168/QjMd-wc5_normal.png,https://pbs.twimg.com/profile_images/1584445356430983168/QjMd-wc5_normal.png,https://pbs.twimg.com/profile_banners/40486636/1666596656,0084B4,FFFFFF,DDEEF6,333333,True,False,False,False,False,False,False,none,[]
2846910724,2846910724,POLIZEI WIEN,LPDWien,,,"Offizieller Account LPD Wien. Keine Anzeigen, kein 24/7 Monitoring. Im Notfall: 133. Datenschutzerkl√§rung: https://t.co/i2OBwsHai9 
https://t.co/4PyyNLK844",https://t.co/LcM0X9RIG3,"{'url': {'urls': [{'url': 'https://t.co/LcM0X9RIG3', 'expanded_url': 'http://www.polizei.gv.at/wien/', 'display_url': 'polizei.gv.at/wien/', 'indices': [0, 23]}]}, 'description': {'urls': [{'url': 'https://t.co/i2OBwsHai9', 'expanded_url': 'http://bit.ly/2BeUFyj', 'display_url': 'bit.ly/2BeUFyj', 'indices': [107, 130]}, {'url': 'https://t.co/4PyyNLK844', 'expanded_url': 'http://bit.ly/2IMM7ET', 'display_url': 'bit.ly/2IMM7ET', 'indices': [132, 155]}]}}",False,248667,107,408,Mon Oct 27 15:58:53 +0000 2014,9378,,,False,False,31855,,"{'created_at': 'Thu Jun 01 12:50:29 +0000 2023', 'id': 1664253081842769921, 'id_str': '1664253081842769921', 'text': '@alltagsprolet Mit Klebstoff markiert man die T√ºre. Mit einer Waage kann man z.B. Schmuckst√ºcke wiegen und so eine‚Ä¶ https://t.co/QrU7FuNEC1', 'truncated': True, 'entities': {'hashtags': [], 'symbols': [], 'user_mentions': [{'screen_name': 'alltagsprolet', 'name': 'alltagsprolet', 'id': 1349200649423122435, 'id_str': '1349200649423122435', 'indices': [0, 14]}], 'urls': [{'url': 'https://t.co/QrU7FuNEC1', 'expanded_url': 'https://twitter.com/i/web/status/1664253081842769921', 'display_url': 'twitter.com/i/web/status/1‚Ä¶', 'indices': [116, 139]}]}, 'source': '<a href=""https://swat.io/"" rel=""nofollow"">Swat.io</a>', 'in_reply_to_status_id': 1664241261258088448, 'in_reply_to_status_id_str': '1664241261258088448', 'in_reply_to_user_id': 1349200649423122435, 'in_reply_to_user_id_str': '1349200649423122435', 'in_reply_to_screen_name': 'alltagsprolet', 'geo': None, 'coordinates': None, 'place': None, 'contributors': None, 'is_quote_status': False, 'retweet_count': 0, 'favorite_count': 3, 'favorited': False, 'retweeted': False, 'lang': 'de'}",False,False,False,C0DEED,http://abs.twimg.com/images/themes/theme1/bg.png,https://abs.twimg.com/images/themes/theme1/bg.png,False,http://pbs.twimg.com/profile_images/1455792100168146945/Xmjz380v_normal.jpg,https://pbs.twimg.com/profile_images/1455792100168146945/Xmjz380v_normal.jpg,https://pbs.twimg.com/profile_banners/2846910724/1673696728,1DA1F2,C0DEED,DDEEF6,333333,True,False,True,False,False,False,False,none,[]
241990844,241990844,Kantonspolizei Bern,PoliceBern,Bern,,"Im Notfall Notrufnummer 117 w√§hlen!
Offizieller Twitter-Account der Kantonspolizei Bern. Hier twittert zu B√ºrozeiten das Kommunikationsteam der Kapo Bern.",http://t.co/gSgpfTO5BB,"{'url': {'urls': [{'url': 'http://t.co/gSgpfTO5BB', 'expanded_url': 'http://www.police.be.ch', 'display_url': 'police.be.ch', 'indices': [0, 22]}]}, 'description': {'urls': []}}",False,17106,18,163,Sun Jan 23 17:29:55 +0000 2011,1,,,False,False,11891,,"{'created_at': 'Thu Jun 01 08:40:47 +0000 2023', 'id': 1664190242679582720, 'id_str': '1664190242679582720', 'text': 'Niederscherli: Brandursache gekl√§rt\nhttps://t.co/hlM22m63ML', 'truncated': False, 'entities': {'hashtags': [], 'symbols': [], 'user_mentions': [], 'urls': [{'url': 'https://t.co/hlM22m63ML', 'expanded_url': 'https://www.police.be.ch/de/start/themen/news/medienmitteilungen.html?newsID=75152ab7-9215-46e8-a7f3-86157c88aa2d', 'display_url': 'police.be.ch/de/start/theme‚Ä¶', 'indices': [36, 59]}]}, 'source': '<a href=""https://swat.io/"" rel=""nofollow"">Swat.io</a>', 'in_reply_to_status_id': None, 'in_reply_to_status_id_str': None, 'in_reply_to_user_id': None, 'in_reply_to_user_id_str': None, 'in_reply_to_screen_name': None, 'geo': None, 'coordinates': None, 'place': None, 'contributors': None, 'is_quote_status': False, 'retweet_count': 0, 'favorite_count': 1, 'favorited': False, 'retweeted': False, 'possibly_sensitive': False, 'lang': 'de'}",False,False,False,C0DEED,http://abs.twimg.com/images/themes/theme1/bg.png,https://abs.twimg.com/images/themes/theme1/bg.png,False,http://pbs.twimg.com/profile_images/1437780761600577546/p4wc80xg_normal.jpg,https://pbs.twimg.com/profile_images/1437780761600577546/p4wc80xg_normal.jpg,https://pbs.twimg.com/profile_banners/241990844/1415790364,0084B4,FFFFFF,DDEEF6,333333,False,False,False,False,False,False,False,none,[]
441701613,441701613,K√∏benhavns Politi,KobenhavnPoliti,"Politig√•rden, K√∏benhavn",,Vi kan ikke garantere svar her. Find svar p√• https://t.co/M9a4p5s9fX eller ring 114. Akut hj√¶lp: ring 112. Web-anmeld: https://t.co/oYQtDxt9sq. Vi bruger #politidk,http://t.co/ScuuS3p5MD,"{'url': {'urls': [{'url': 'http://t.co/ScuuS3p5MD', 'expanded_url': 'http://www.politi.dk/koebenhavn', 'display_url': 'politi.dk/koebenhavn', 'indices': [0, 22]}]}, 'description': {'urls': [{'url': 'https://t.co/M9a4p5s9fX', 'expanded_url': 'http://politi.dk', 'display_url': 'politi.dk', 'indices': [45, 68]}, {'url': 'https://t.co/oYQtDxt9sq', 'expanded_url': 'https://politi.dk/anmeld', 'display_url': 'politi.dk/anmeld', 'indices': [119, 142]}]}}",False,380118,75,778,Tue Dec 20 10:15:58 +0000 2011,314,,,True,False,13899,,"{'created_at': 'Thu Jun 01 11:20:52 +0000 2023', 'id': 1664230529904922625, 'id_str': '1664230529904922625', 'text': 'Da vi efterf√∏lgende ransagede p√• de anholdtes adresser i Vanl√∏se og Glostrup, fandt vi syv andre cykler, heriblandt‚Ä¶ https://t.co/hb241QSuGk', 'truncated': True, 'entities': {'hashtags': [], 'symbols': [], 'user_mentions': [], 'urls': [{'url': 'https://t.co/hb241QSuGk', 'expanded_url': 'https://twitter.com/i/web/status/1664230529904922625', 'display_url': 'twitter.com/i/web/status/1‚Ä¶', 'indices': [117, 140]}]}, 'source': '<a href=""https://mobile.twitter.com"" rel=""nofollow"">Twitter Web App</a>', 'in_reply_to_status_id': 1664230527929401345, 'in_reply_to_status_id_str': '1664230527929401345', 'in_reply_to_user_id': 441701613, 'in_reply_to_user_id_str': '441701613', 'in_reply_to_screen_name': 'KobenhavnPoliti', 'geo': None, 'coordinates': None, 'place': None, 'contributors': None, 'is_quote_status': False, 'retweet_count': 2, 'favorite_count': 20, 'favorited': False, 'retweeted': False, 'lang': 'da'}",False,False,False,C0DEED,http://abs.twimg.com/images/themes/theme1/bg.png,https://abs.twimg.com/images/themes/theme1/bg.png,False,http://pbs.twimg.com/profile_images/3256113227/7ea5370bf89d843ca88886c03107ae0b_normal.jpeg,https://pbs.twimg.com/profile_images/3256113227/7ea5370bf89d843ca88886c03107ae0b_normal.jpeg,https://pbs.twimg.com/profile_banners/441701613/1562931586,001E3C,FFFFFF,DDEEF6,333333,True,False,False,False,False,False,False,regular,[]
1073697312,1073697312,Helsingin poliisi,HelsinkiPoliisi,Helsinki,,Helsingin poliisin virallinen Twitter-tili¬†|¬†Polisen i¬†Helsingfors¬†officiella Twitterkonto¬†|¬†The Official Twitter account of¬†Helsinki Police.¬†,https://t.co/BM8UxPOwTC,"{'url': {'urls': [{'url': 'https://t.co/BM8UxPOwTC', 'expanded_url': 'http://poliisi.fi/helsingin-poliisilaitos-sosiaalisessa-mediassa', 'display_url': 'poliisi.fi/helsingin-poli‚Ä¶', 'indices': [0, 23]}]}, 'description': {'urls': []}}",False,95271,317,222,Wed Jan 09 13:00:41 +0000 2013,4296,,,True,False,15544,,"{'created_at': 'Thu Jun 01 09:23:41 +0000 2023', 'id': 1664201036351827968, 'id_str': '1664201036351827968', 'text': 'Koulut p√§√§ttyv√§t lauantaina 3.6. ja helsinkil√§iset nuoret ker√§√§ntyv√§t juhlimaan kes√§loman alkua. #Poliisi valvoo nu‚Ä¶ https://t.co/ACWhkQtp4H', 'truncated': True, 'entities': {'hashtags': [{'text': 'Poliisi', 'indices': [97, 105]}], 'symbols': [], 'user_mentions': [], 'urls': [{'url': 'https://t.co/ACWhkQtp4H', 'expanded_url': 'https://twitter.com/i/web/status/1664201036351827968', 'display_url': 'twitter.com/i/web/status/1‚Ä¶', 'indices': [117, 140]}]}, 'source': '<a href=""https://mobile.twitter.com"" rel=""nofollow"">Twitter Web App</a>', 'in_reply_to_status_id': None, 'in_reply_to_status_id_str': None, 'in_reply_to_user_id': None, 'in_reply_to_user_id_str': None, 'in_reply_to_screen_name': None, 'geo': None, 'coordinates': None, 'place': None, 'contributors': None, 'is_quote_status': False, 'retweet_count': 1, 'favorite_count': 13, 'favorited': False, 'retweeted': False, 'possibly_sensitive': False, 'lang': 'fi'}",False,False,False,1A378F,http://abs.twimg.com/images/themes/theme1/bg.png,https://abs.twimg.com/images/themes/theme1/bg.png,False,http://pbs.twimg.com/profile_images/1400791324366983170/8MccghHZ_normal.jpg,https://pbs.twimg.com/profile_images/1400791324366983170/8MccghHZ_normal.jpg,https://pbs.twimg.com/profile_banners/1073697312/1662459322,0084B4,FFFFFF,DDEEF6,333333,True,False,False,False,False,False,False,none,[]
381502681,381502681,OPS Politiet Oslo,oslopolitiops,Oslo politidistrikt,,"Operasjonssentralen i Oslo skriver om hendelser i kommunene Oslo, Asker og B√¶rum 
Besvarer ikke henvendelser her 
‚òé112 for √∏yeblikkelig hjelp 
‚òé02800 for annet",https://t.co/yQMwEcLq22,"{'url': {'urls': [{'url': 'https://t.co/yQMwEcLq22', 'expanded_url': 'https://www.politiet.no/om/organisasjonen/politidistrikter/oslo/', 'display_url': 'politiet.no/om/organisasjo‚Ä¶', 'indices': [0, 23]}]}, 'description': {'urls': []}}",False,498803,15,1176,Wed Sep 28 13:03:49 +0000 2011,34,,,False,False,81749,,"{'created_at': 'Thu Jun 01 14:30:24 +0000 2023', 'id': 1664278224623509506, 'id_str': '1664278224623509506', 'text': 'Pr n√• har vi sperret P-plassen ned mot Ulsrudvann og P-plassen ved √òstmarks√¶tra.', 'truncated': False, 'entities': {'hashtags': [], 'symbols': [], 'user_mentions': [], 'urls': []}, 'source': '<a href=""https://www.politiet.no/nn/om/organisasjonen/politidistrikter/oslo/"" rel=""nofollow"">OsloPoliceOPS</a>', 'in_reply_to_status_id': 1664278082197536771, 'in_reply_to_status_id_str': '1664278082197536771', 'in_reply_to_user_id': 381502681, 'in_reply_to_user_id_str': '381502681', 'in_reply_to_screen_name': 'oslopolitiops', 'geo': None, 'coordinates': None, 'place': None, 'contributors': None, 'is_quote_status': False, 'retweet_count': 0, 'favorite_count': 4, 'favorited': False, 'retweeted': False, 'lang': 'no'}",False,False,False,C0DEED,http://abs.twimg.com/images/themes/theme1/bg.png,https://abs.twimg.com/images/themes/theme1/bg.png,False,http://pbs.twimg.com/profile_images/1374405524356141068/JviO2p_e_normal.jpg,https://pbs.twimg.com/profile_images/1374405524356141068/JviO2p_e_normal.jpg,https://pbs.twimg.com/profile_banners/381502681/1481696349,0084B4,FFFFFF,DDEEF6,333333,True,False,False,False,False,False,False,none,[]
